epoch,accuracy,loss,val_accuracy,val_loss
0,0.446979314,1.791886091,0.553949594,1.481168151
1,0.647616863,1.114510655,0.608487368,1.309126973
2,0.722647071,0.85663259,0.619915962,1.328731656
3,0.773824632,0.690798044,0.614453793,1.369032621
4,0.807566285,0.582826436,0.615798295,1.389181018
5,0.841602921,0.476986736,0.635882378,1.451608181